{
  "episode_id": "r-32a9a8e1-7a05-4664-9464-fdd7f006cf6f",
  "goal": "swe.echo",
  "started_at": "2025-08-28T18:26:36.184696+00:00",
  "bits": {
    "a": 1.0,
    "d": 0.0,
    "e": 0.0,
    "i": 0.0,
    "p": 1.0,
    "r": 0.0,
    "t": 0.8999999761581421,
    "u": 0.0
  },
  "steps": [
    "demo.write-file"
  ],
  "deliverables": [
    "out/hello.txt"
  ]
}