{
  "episode_id": "r-ed974d14-3834-4b9e-8039-f03fd132e1f7",
  "goal": "demo.write-file",
  "started_at": "2025-08-28T18:58:28.097381+00:00",
  "bits": {
    "a": 1.0,
    "d": 0.0,
    "e": 0.0,
    "i": 0.0,
    "p": 1.0,
    "r": 0.0,
    "t": 0.8999999761581421,
    "u": 0.0
  },
  "steps": [
    "demo.write-file"
  ],
  "deliverables": [
    "_out/test.txt"
  ]
}